[
  {
    "Id": "1345153",
    "ThreadId": "578376",
    "Html": "Hello,\r<br />\nI'm trying to use this library, that seems very helpfull, but i'm getting a error right on the begining of the development process.\r<br />\n<br />\nWhen I call &quot;GravatarServiceResponse response = gravatarService.Addresses();&quot; I get a IO File Not found exception.\r<br />\n<br />\nSomeone already have this issue? I used the .NET 4 version of the Gravatar.NET library\r<br />\n<br />\nThe StackTrace:<br />\n<pre><code>System.IO.FileNotFoundException was unhandled by user code\n  HResult=-2147024894\n  Message=Could not load file or assembly 'System, Version=4.0.0.0, Culture=neutral, PublicKeyToken=b77a5c561934e089' or one of its dependencies. The system cannot find the file specified.\n  Source=Gravatar.NET\n  FileName=System, Version=4.0.0.0, Culture=neutral, PublicKeyToken=b77a5c561934e089\n  StackTrace:\n       at Gravatar.NET.GravatarService.ExecuteGravatarMethod(GravatarServiceRequest request)\n       at Gravatar.NET.GravatarService.Addresses()\n       at GravatarAppClient.MainPage.btnLogin_Click(Object sender, RoutedEventArgs e)\n  InnerException: \n</code></pre>\n\n",
    "PostedDate": "2015-01-22T09:24:49.563-08:00",
    "UserRole": null,
    "MarkedAsAnswerDate": null
  }
]