{
  "WorkItem": {
    "AffectedComponent": {
      "Name": "Service Response",
      "DisplayName": "Service Response"
    },
    "ClosedComment": "",
    "ClosedDate": null,
    "CommentCount": 0,
    "Custom": null,
    "Description": "It will be very useful to have the method name exposed by the response object.\nthat way it will be easier to write a general callback handler method for the async methods for example.",
    "LastUpdatedDate": "2013-02-13T19:45:33.413-08:00",
    "PlannedForRelease": "",
    "ReleaseVisibleToPublic": false,
    "Priority": {
      "Name": "Medium",
      "Severity": 100,
      "Id": 2
    },
    "ProjectName": "gravatarnet",
    "ReportedDate": "2010-07-25T15:34:47.43-07:00",
    "Status": {
      "Name": "Proposed",
      "Id": 1
    },
    "ReasonClosed": {
      "Name": "Unassigned"
    },
    "Summary": "Expose the method name in the response object",
    "Type": {
      "Name": "Feature",
      "Id": 1
    },
    "VoteCount": 1,
    "Id": 11663
  },
  "FileAttachments": [],
  "Comments": []
}