{
  "WorkItem": {
    "AffectedComponent": {
      "Name": "API Methods",
      "DisplayName": "API Methods"
    },
    "ClosedComment": "",
    "ClosedDate": null,
    "CommentCount": 0,
    "Custom": null,
    "Description": "Its not clear what this method does thats different from the 'deleteUserimage' method and so it was not implemented yet. \nAwaiting response from Gravatar support regarding the purpose of this method.",
    "LastUpdatedDate": "2013-02-13T19:45:33.887-08:00",
    "PlannedForRelease": "",
    "ReleaseVisibleToPublic": false,
    "Priority": {
      "Name": "Medium",
      "Severity": 100,
      "Id": 2
    },
    "ProjectName": "gravatarnet",
    "ReportedDate": "2010-07-09T01:51:32.397-07:00",
    "Status": {
      "Name": "Proposed",
      "Id": 1
    },
    "ReasonClosed": {
      "Name": "Unassigned"
    },
    "Summary": "Implement 'removeImage' method in the API",
    "Type": {
      "Name": "Feature",
      "Id": 1
    },
    "VoteCount": 1,
    "Id": 11463
  },
  "FileAttachments": [],
  "Comments": []
}