[
  {
    "Id": "0",
    "Name": "Gravatar.NET 0.4.0.1",
    "DevelopmentStatus": "Beta",
    "Description": "*First official release of Gravatar.NET*",
    "ReleasedDatge": "0001-01-01T00:00:00",
    "ModifiedDate": "2010-07-11T08:33:07.697-07:00",
    "Files": [
      {
        "Id": "eab3eb67-9345-4295-b2a2-9c3e4c8db46a",
        "FileName": "Gravatar.NET Binaries.zip",
        "Url": "./0/eab3eb67-9345-4295-b2a2-9c3e4c8db46a",
        "Type": "Application",
        "UploadDate": "2010-07-11T08:33:07.4-07:00"
      },
      {
        "Id": "80f80833-fa83-4a87-a1dc-aac8f080a1dd",
        "FileName": "Source and Examples.zip",
        "Url": "./0/80f80833-fa83-4a87-a1dc-aac8f080a1dd",
        "Type": "Source Code",
        "UploadDate": "2010-07-11T08:32:22.417-07:00"
      }
    ]
  }
]