[
  {
    "Title": "Documentation",
    "Id": "291369",
    "ParentWikiTitle": "Documentation",
    "FileExtension": "codeplexwiki",
    "UpdatedDate": "2010-07-15T14:29:50.297-07:00",
    "FileAttachments": []
  },
  {
    "Title": "XML-RPC API",
    "Id": "289802",
    "ParentWikiTitle": "Documentation",
    "FileExtension": "codeplexwiki",
    "UpdatedDate": "2010-07-11T09:16:28.637-07:00",
    "FileAttachments": []
  },
  {
    "Title": "Making an asynchronous request",
    "Id": "289792",
    "ParentWikiTitle": "Documentation",
    "FileExtension": "codeplexwiki",
    "UpdatedDate": "2010-07-11T09:00:30.593-07:00",
    "FileAttachments": []
  },
  {
    "Title": "The Response Class",
    "Id": "289789",
    "ParentWikiTitle": "Documentation",
    "FileExtension": "codeplexwiki",
    "UpdatedDate": "2010-07-11T08:54:06.057-07:00",
    "FileAttachments": []
  },
  {
    "Title": "Making a request",
    "Id": "289788",
    "ParentWikiTitle": "Documentation",
    "FileExtension": "codeplexwiki",
    "UpdatedDate": "2010-07-11T08:53:36.663-07:00",
    "FileAttachments": []
  },
  {
    "Title": "Home",
    "Id": "289784",
    "ParentWikiTitle": "Home",
    "FileExtension": "codeplexwiki",
    "UpdatedDate": "2010-07-11T08:34:27.42-07:00",
    "FileAttachments": []
  },
  {
    "Title": "Parameters",
    "Id": "289780",
    "ParentWikiTitle": "Documentation",
    "FileExtension": "codeplexwiki",
    "UpdatedDate": "2010-07-11T08:24:09.837-07:00",
    "FileAttachments": []
  },
  {
    "Title": "The Service Class",
    "Id": "289752",
    "ParentWikiTitle": "Documentation",
    "FileExtension": "codeplexwiki",
    "UpdatedDate": "2010-07-11T06:13:14.563-07:00",
    "FileAttachments": []
  },
  {
    "Title": "Initialize Service",
    "Id": "289741",
    "ParentWikiTitle": "Documentation",
    "FileExtension": "codeplexwiki",
    "UpdatedDate": "2010-07-11T05:18:57.777-07:00",
    "FileAttachments": []
  }
]
